<?xml version="1.0" encoding="UTF-8"?>
<project-private xmlns="http://www.netbeans.org/ns/project-private/1">
    <editor-bookmarks xmlns="http://www.netbeans.org/ns/editor-bookmarks/2" lastBookmarkId="0"/>
    <open-files xmlns="http://www.netbeans.org/ns/projectui-open-files/2">
        <group>
            <file>file:/D:/JavaKy2Projects/Lab2/src/Bai3/Book.java</file>
            <file>file:/D:/JavaKy2Projects/Lab2/src/Bai2/Product.java</file>
            <file>file:/D:/JavaKy2Projects/Lab2/src/Bai3/UnetiBook.java</file>
        </group>
    </open-files>
</project-private>
